year,ISO3,ADM0_EN,ADM0_PCODE,ADM1_EN,ADM1_PCODE,F_TL,M_TL,T_TL,F_00_04,F_05_09,F_10_14,F_15_19,F_20_24,F_25_29,F_30_34,F_35_39,F_40_44,F_45_49,F_50_54,F_55_59,F_60_64,F_65_69,F_70_74,F_75_79,F_80Plus,M_00_04,M_05_09,M_10_14,M_15_19,M_20_24,M_25_29,M_30_34,M_35_39,M_40_44,M_45_49,M_50_54,M_55_59,M_60_64,M_65_69,M_70_74,M_75_79,M_80Plus,T_00_04,T_05_09,T_10_14,T_15_19,T_20_24,T_25_29,T_30_34,T_35_39,T_40_44,T_45_49,T_50_54,T_55_59,T_60_64,T_65_69,T_70_74,T_75_79,T_80Plus
2023,THA,Thailand,TH,Amnat Charoen,TH37,91583,88146,179729,5736,6171,6527,4989,2724,3481,4388,5903,7140,6936,7354,7547,7045,5917,4062,2715,2948,6082,6527,6719,5543,3309,3690,4256,5503,7002,7142,7073,7278,6207,5060,2940,1924,1891,11818,12698,13246,10532,6033,7171,8644,11406,14142,14078,14427,14825,13252,10977,7002,4639,4839
2023,THA,Thailand,TH,Ang Thong,TH15,106897,94295,201192,4955,5111,5641,4825,3872,4670,5100,5283,6698,8339,8985,9812,8817,7808,6763,4516,5702,5157,5623,5902,5511,4376,5290,5128,5068,6321,7461,7339,7783,6907,5603,4726,3055,3045,10112,10734,11543,10336,8248,9960,10228,10351,13019,15800,16324,17595,15724,13411,11489,7571,8747
2023,THA,Thailand,TH,Bangkok,TH10,5883668,5595670,11479338,224135,220157,227055,309234,490628,588958,538011,473289,496749,463673,433726,391030,336248,251431,178449,109142,151753,229607,240164,241414,326826,457686,566975,540221,494802,498461,463225,414051,349859,278926,193045,139171,75288,85949,453742,460321,468469,636060,948314,1155933,1078232,968091,995210,926898,847777,740889,615174,444476,317620,184430,237702
2023,THA,Thailand,TH,Bueng Kan,TH38,143647,140084,283731,10757,11128,10252,7250,4467,6267,8206,9430,10360,10701,11209,11195,10417,8704,5481,3740,4083,11153,11725,10749,7530,5080,6725,7963,9038,10441,10263,10579,10740,9876,7637,4695,2858,3032,21910,22853,21001,14780,9547,12992,16169,18468,20801,20964,21788,21935,20293,16341,10176,6598,7115
2023,THA,Thailand,TH,Buri Ram,TH31,459143,429215,888358,31742,33336,32723,23875,13796,16872,21628,26350,31540,33494,34564,37347,37360,31043,21615,14555,17303,33014,35174,34299,25232,15506,17546,20332,24021,29117,31090,31879,33969,32985,26392,17204,10777,10678,64756,68510,67022,49107,29302,34418,41960,50371,60657,64584,66443,71316,70345,57435,38819,25332,27981
2023,THA,Thailand,TH,Chachoengsao,TH24,371697,358904,730601,19470,19483,19103,18898,19175,24564,24431,24101,27563,27838,27921,27954,25618,22056,16585,11020,15917,21070,20517,20688,21329,21907,27995,26264,23902,27551,27423,25603,24662,21672,17903,13148,8050,9220,40540,40000,39791,40227,41082,52559,50695,48003,55114,55261,53524,52616,47290,39959,29733,19070,25137
2023,THA,Thailand,TH,Chai Nat,TH18,111121,99099,210220,5259,5318,5334,4750,3331,3932,4529,5200,7147,9125,9884,11074,10062,8887,7061,4600,5628,5595,5518,5657,5383,3881,4342,4658,4997,6515,8172,8212,9085,8032,6879,5417,3390,3366,10854,10836,10991,10133,7212,8274,9187,10197,13662,17297,18096,20159,18094,15766,12478,7990,8994
2023,THA,Thailand,TH,Chaiyaphum,TH36,358011,336096,694107,21201,21630,21856,16460,10365,12862,16033,20708,26754,28026,30674,31910,31665,25481,17935,11508,12943,21471,22931,22771,18673,11946,13566,15368,19253,25159,26950,28206,29199,27709,21498,14601,8780,8015,42672,44561,44627,35133,22311,26428,31401,39961,51913,54976,58880,61109,59374,46979,32536,20288,20958
2023,THA,Thailand,TH,Chanthaburi,TH22,213217,206569,419786,11784,11628,11392,11359,10742,11811,12665,13761,16323,17245,17171,16816,14260,11977,9453,6423,8407,12229,12682,12321,11956,11794,13217,13128,13534,15780,16767,15950,15242,12785,10905,7984,5043,5252,24013,24310,23713,23315,22536,25028,25793,27295,32103,34012,33121,32058,27045,22882,17437,11466,13659
2023,THA,Thailand,TH,Chiang Mai,TH50,913480,876461,1789941,39037,42338,41387,56407,63539,57057,52235,47931,61201,78176,88920,81887,62712,43963,35385,28626,32679,41030,43196,43778,58608,67780,61251,53940,47399,56891,70965,81076,75759,56964,39976,29959,23903,23986,80067,85534,85165,115015,131319,118308,106175,95330,118092,149141,169996,157646,119676,83939,65344,52529,56665
2023,THA,Thailand,TH,Chiang Rai,TH57,528400,510159,1038559,26506,28143,28921,27019,22153,24589,25596,27773,37920,47607,53913,51592,39715,30712,22108,16687,17446,26866,29436,30253,29578,24646,26223,26543,27490,34827,44775,49869,48321,37095,27627,19353,14244,13013,53372,57579,59174,56597,46799,50812,52139,55263,72747,92382,103782,99913,76810,58339,41461,30931,30459
2023,THA,Thailand,TH,Chon Buri,TH20,1154134,1176253,2330387,21159,52488,53487,67925,95388,138710,118266,99528,96857,84575,75194,65996,62960,47816,31221,19260,23304,18116,45485,43928,54209,80917,128566,128800,115549,110964,98277,81527,69044,76006,67815,28799,14208,14043,39275,97973,97415,122134,176305,267276,247066,215077,207821,182852,156721,135040,138966,115631,60020,33468,37347
2023,THA,Thailand,TH,Chumphon,TH86,209323,213578,422901,12329,11660,11935,10905,10965,13217,13530,14124,15885,15726,15430,14417,13425,11390,8691,6724,8970,12585,12371,12841,12756,13526,15605,15557,15129,17278,16532,15438,13758,11903,9717,7634,5253,5695,24914,24031,24776,23661,24491,28822,29087,29253,33163,32258,30868,28175,25328,21107,16325,11977,14665
2023,THA,Thailand,TH,Kalasin,TH46,311288,294646,605934,18266,19214,19789,16253,9941,11241,14529,19678,24904,24852,25594,27543,26953,22178,13360,8313,8680,19051,20453,20736,17432,11020,11884,13887,18484,24289,24522,24523,25085,23355,18318,9916,6127,5564,37317,39667,40525,33685,20961,23125,28416,38162,49193,49374,50117,52628,50308,40496,23276,14440,14244
2023,THA,Thailand,TH,Kamphaeng Phet,TH62,427417,408995,836412,24893,25784,25811,21845,16295,18571,21772,24025,31076,34929,36664,37602,33874,26694,19769,13037,14776,26348,27735,26794,23420,18759,20610,21740,23748,29371,33427,33247,34817,29758,22760,16794,10212,9455,51241,53519,52605,45265,35054,39181,43512,47773,60447,68356,69911,72419,63632,49454,36563,23249,24231
2023,THA,Thailand,TH,Kanchanaburi,TH71,379930,372300,752230,21866,23443,22825,20568,19321,21953,22854,24231,28260,29889,31614,29670,26148,21015,15141,9349,11783,23600,24946,24709,22808,24298,24222,23719,23807,26612,28115,29322,27448,22820,18376,12674,7613,7211,45466,48389,47534,43376,43619,46175,46573,48038,54872,58004,60936,57118,48968,39391,27815,16962,18994
2023,THA,Thailand,TH,Khon Kaen,TH40,809391,760148,1569539,37723,41070,44166,50966,50621,40288,43345,49844,62313,62471,65208,66151,65491,52970,33164,20681,22919,44653,43493,46253,51454,49087,40704,41528,46352,58448,59608,60020,61278,56797,43955,26669,15036,14813,82376,84563,90419,102420,99708,80992,84873,96196,120761,122079,125228,127429,122288,96925,59833,35717,37732
2023,THA,Thailand,TH,Krabi,TH81,167064,167901,334965,12447,11798,10746,9301,9863,12369,12416,12140,12609,12272,11315,10304,8565,6937,5437,3742,4803,13125,12631,11300,10511,11065,12768,11995,12127,13021,12574,10961,9669,7890,6271,4913,3376,3704,25572,24429,22046,19812,20928,25137,24411,24267,25630,24846,22276,19973,16455,13208,10350,7118,8507
2023,THA,Thailand,TH,Lampang,TH52,298107,288724,586831,11388,12533,14363,13656,9521,9623,11688,15509,22185,28363,31500,30978,24568,20345,15808,12145,13934,11884,12945,15194,15356,11470,11022,11963,14661,20712,27137,30584,30162,23539,18152,13984,10327,9632,23272,25478,29557,29012,20991,20645,23651,30170,42897,55500,62084,61140,48107,38497,29792,22472,23566
2023,THA,Thailand,TH,Lamphun,TH51,184995,174504,359499,6495,6933,7332,8107,9192,13883,12017,9716,12460,16369,18569,18094,13800,10790,7888,6129,7221,6967,7030,7668,8779,9680,14013,11759,9390,11557,15175,16578,16298,12197,9828,7119,5281,5185,13462,13963,15000,16886,18872,27896,23776,19106,24017,31544,35147,34392,25997,20618,15007,11410,12406
2023,THA,Thailand,TH,Loei,TH42,205598,204374,409972,11818,11904,11517,10451,8381,9124,10942,12577,16011,17032,17933,17419,15628,13097,8498,5939,7327,12598,12432,12355,11238,9234,9969,10867,11997,16126,16983,17583,17037,14926,12471,7674,5027,5857,24416,24336,23872,21689,17615,19093,21809,24574,32137,34015,35516,34456,30554,25568,16172,10966,13184
2023,THA,Thailand,TH,Lop Buri,TH16,347206,340369,687575,16789,18365,18694,17067,14828,16869,18500,19602,25556,29371,29802,30096,26501,23031,17253,11491,13391,18390,19750,20154,19144,27538,19333,19084,18623,24144,27540,27628,26657,22501,18416,13644,9195,8628,35179,38115,38848,36211,42366,36202,37584,38225,49700,56911,57430,56753,49002,41447,30897,20686,22019
2023,THA,Thailand,TH,Mae Hong Son,TH58,86233,90072,176305,6119,7272,6826,5259,4255,5459,5397,5241,6063,6230,6056,6117,4749,3963,2821,2015,2391,6494,7715,6996,5465,4823,5729,5464,5303,6326,6734,6623,6182,4987,4078,2902,1938,2313,12613,14987,13822,10724,9078,11188,10861,10544,12389,12964,12679,12299,9736,8041,5723,3953,4704
2023,THA,Thailand,TH,Maha Sarakham,TH44,309747,285671,595418,16130,17486,18253,19418,15865,10481,13718,18243,23093,23308,24693,27543,28636,22699,13439,8481,8261,17048,18616,19284,18928,14775,11061,13112,16765,21809,22802,23655,24810,24156,18565,9908,5757,4620,33178,36102,37537,38346,30640,21542,26830,35008,44902,46110,48348,52353,52792,41264,23347,14238,12881
2023,THA,Thailand,TH,Mukdahan,TH49,181280,177781,359061,11534,12295,13147,10272,6490,8586,10297,12206,14346,14259,13815,13792,13086,10155,6996,4827,5177,12118,12609,13224,10963,7488,9408,10363,12019,14858,13945,13487,13292,11861,9099,5629,3580,3838,23652,24904,26371,21235,13978,17994,20660,24225,29204,28204,27302,27084,24947,19254,12625,8407,9015
2023,THA,Thailand,TH,Nakhon Nayok,TH26,111509,104925,216434,5484,5635,5560,7423,5744,5319,5629,5962,7521,8168,8427,9250,8373,7746,5879,3944,5445,6112,5803,6004,8080,7107,6179,5930,5827,7037,7889,7685,7823,6860,5903,4580,2980,3126,11596,11438,11564,15503,12851,11498,11559,11789,14558,16057,16112,17073,15233,13649,10459,6924,8571
2023,THA,Thailand,TH,Nakhon Pathom,TH73,534557,508167,1042724,24276,24312,25486,34925,34750,38429,39053,38040,41821,42997,41210,39021,33116,26557,20029,12917,17618,26057,26178,30186,37726,38232,40644,40553,36960,40673,39825,36047,33028,26800,20618,15407,9014,10219,50333,50490,55672,72651,72982,79073,79606,75000,82494,82822,77257,72049,59916,47175,35436,21931,27837
2023,THA,Thailand,TH,Nakhon Phanom,TH48,208199,196327,404526,14094,15184,14776,10756,6574,8465,11019,13278,15361,15543,16282,17021,16329,13526,8273,5550,6168,14510,15818,15350,11442,7621,8874,10734,12787,15089,15232,15042,15230,13756,10859,6104,3756,4123,28604,31002,30126,22198,14195,17339,21753,26065,30450,30775,31324,32251,30085,24385,14377,9306,10291
2023,THA,Thailand,TH,Nakhon Ratchasima,TH30,1167970,1119787,2287757,65461,66610,67034,65176,57433,60221,68871,71753,85931,89456,93074,90575,85212,70655,52687,34142,43679,69692,71264,72560,69660,65624,64526,69771,69925,84214,85746,85134,82789,74149,58638,43371,26078,26646,135153,137874,139594,134836,123057,124747,138642,141678,170145,175202,178208,173364,159361,129293,96058,60220,70325
2023,THA,Thailand,TH,Nakhon Sawan,TH60,396710,367256,763966,19102,19890,20499,19477,16247,17613,18555,21139,27870,33168,34710,36185,32791,27477,21596,13829,16562,20246,20977,21701,21454,17917,18701,18823,20665,26216,31031,30577,31536,27638,22133,17022,10466,10153,39348,40867,42200,40931,34164,36314,37378,41804,54086,64199,65287,67721,60429,49610,38618,24295,26715
2023,THA,Thailand,TH,Nakhon Si Thammarat,TH80,602894,577620,1180514,34549,35021,35067,32387,27074,30051,33323,36589,41362,43761,43555,44718,43743,40061,29873,21863,29897,36804,37995,37982,35304,31800,34376,34813,36549,41583,43449,40124,39795,36676,32442,23594,16194,18140,71353,73016,73049,67691,58874,64427,68136,73138,82945,87210,83679,84513,80419,72503,53467,38057,48037
2023,THA,Thailand,TH,Nan,TH55,190448,188751,379199,10106,10278,11513,9073,5218,6636,8105,9857,14978,18043,19125,18174,13879,13131,8829,6557,6946,10710,10821,11883,10670,6915,7455,7857,9255,14055,17912,18702,18303,13448,11940,7860,5673,5292,20816,21099,23396,19743,12133,14091,15962,19112,29033,35955,37827,36477,27327,25071,16689,12230,12238
2023,THA,Thailand,TH,Narathiwat,TH96,291226,287505,578731,23979,25574,23569,20207,17992,19794,17564,17101,18730,19332,16277,18012,16141,13259,10489,6322,6884,24980,26869,24399,21774,19428,20675,17298,16448,18652,19078,15888,17425,14838,11205,7941,5233,5374,48959,52443,47968,41981,37420,40469,34862,33549,37382,38410,32165,35437,30979,24464,18430,11555,12258
2023,THA,Thailand,TH,Nong Bua Lam Phu,TH39,212953,200429,413382,14581,15037,14887,10760,6322,8452,10754,13013,16044,16346,17618,18511,17526,13437,8429,5324,5912,15109,16256,15590,11410,7213,8361,9694,11686,15501,15756,16312,17131,14856,11460,6757,3792,3545,29690,31293,30477,22170,13535,16813,20448,24699,31545,32102,33930,35642,32382,24897,15186,9116,9457
2023,THA,Thailand,TH,Nong Khai,TH43,180253,168854,349107,11491,12456,12732,9519,6315,7353,9681,11385,13713,14037,15061,14722,13446,11190,7391,4801,4960,11415,12782,13666,10352,6627,7437,8970,10595,12958,13585,13661,13023,11806,9222,5617,3631,3507,22906,25238,26398,19871,12942,14790,18651,21980,26671,27622,28722,27745,25252,20412,13008,8432,8467
2023,THA,Thailand,TH,Nonthaburi,TH12,1116409,1012800,2129209,40912,42492,45016,50781,61938,78904,84245,86039,96991,98559,93028,90738,82854,64681,42878,25002,31351,39847,41042,47527,55673,68795,80171,85143,76578,96826,91938,82720,66047,65361,47817,31997,20029,15289,80759,83534,92543,106454,130733,159075,169388,162617,193817,190497,175748,156785,148215,112498,74875,45031,46640
2023,THA,Thailand,TH,Pathum Thani,TH13,1414248,1338347,2752595,55409,55067,52905,88416,138170,147697,134770,120005,119859,105795,94265,86032,74195,58190,36820,21035,25618,57984,58783,55984,76655,123051,146806,131789,116598,121915,107297,89719,75363,61830,48950,32042,16540,17041,113393,113850,108889,165071,261221,294503,266559,236603,241774,213092,183984,161395,136025,107140,68862,37575,42659
2023,THA,Thailand,TH,Pattani,TH94,271644,257780,529424,21512,23535,22552,20879,17510,15820,14852,14512,16286,16882,14806,16710,15101,13583,11327,7389,8388,22248,24350,22791,21335,20001,17394,14717,13775,15212,15621,13398,14495,12730,10528,8207,5283,5695,43760,47885,45343,42214,37511,33214,29569,28287,31498,32503,28204,31205,27831,24111,19534,12672,14083
2023,THA,Thailand,TH,Phangnga,TH82,120735,125536,246271,8857,8023,7137,6134,6056,7988,8068,8144,8997,8974,8821,8590,7053,6116,4502,3197,4078,9077,8235,7733,7289,7517,9729,9309,8663,9804,9306,8731,8138,6658,5582,4033,2754,2978,17934,16258,14870,13423,13573,17717,17377,16807,18801,18280,17552,16728,13711,11698,8535,5951,7056
2023,THA,Thailand,TH,Phatthalung,TH93,203520,189028,392548,12432,11696,12144,11016,7908,9021,10782,12515,14109,14508,15034,15834,15723,13864,9681,7245,10008,12798,12483,13077,11881,9136,10113,10656,11617,13630,13827,13198,13618,12562,11411,7768,5217,6036,25230,24179,25221,22897,17044,19134,21438,24132,27739,28335,28232,29452,28285,25275,17449,12462,16044
2023,THA,Thailand,TH,Phayao,TH56,142654,137499,280153,6083,6540,7444,7349,4682,4568,5704,7241,10787,13733,15587,15396,11760,8873,6894,5038,4975,6334,6867,7804,7515,5227,5077,5674,6921,9740,13187,14554,14800,11089,8321,6244,4423,3722,12417,13407,15248,14864,9909,9645,11378,14162,20527,26920,30141,30196,22849,17194,13138,9461,8697
2023,THA,Thailand,TH,Phetchabun,TH67,392721,375790,768511,23028,24069,23479,18432,14185,15668,19570,21978,27281,31886,33967,35231,31304,25893,19095,12891,14764,23918,25432,25181,20621,16064,16998,19560,21266,25982,29484,32214,32336,27818,22998,16003,10009,9906,46946,49501,48660,39053,30249,32666,39130,43244,53263,61370,66181,67567,59122,48891,35098,22900,24670
2023,THA,Thailand,TH,Phetchaburi,TH76,227601,212870,440471,10623,11166,11385,11834,11061,12206,12791,13704,16538,17801,18748,18655,17377,13877,11239,7884,10712,11911,11799,12264,13334,13660,13687,13288,13468,15405,16029,16119,15770,14209,11373,8448,5757,6349,22534,22965,23649,25168,24721,25893,26079,27172,31943,33830,34867,34425,31586,25250,19687,13641,17061
2023,THA,Thailand,TH,Phichit,TH66,231071,213976,445047,12664,12469,12884,9891,6984,8544,9989,11389,15063,18786,20568,22465,20224,17143,13245,8546,10217,13060,13665,13953,11367,8111,9202,10200,11100,14029,17336,17957,19969,17196,13469,10716,6593,6053,25724,26134,26837,21258,15095,17746,20189,22489,29092,36122,38525,42434,37420,30612,23961,15139,16270
2023,THA,Thailand,TH,Phitsanulok,TH65,475865,446390,922255,24602,25123,25263,28667,23075,20485,22918,25688,33327,39473,40885,41943,37034,31141,22961,15076,18204,26159,26358,27186,27428,27518,22055,22194,24486,31499,37125,37963,38005,32205,25096,18896,11154,11063,50761,51481,52449,56095,50593,42540,45112,50174,64826,76598,78848,79948,69239,56237,41857,26230,29267
2023,THA,Thailand,TH,Phra Nakhon Si Ayutthaya,TH14,532512,496914,1029426,26234,21968,21731,24505,34489,51893,47563,40524,40565,38016,35189,35908,30810,29098,21041,13920,19058,26663,22977,23065,24954,32289,50001,47116,42153,41291,40865,32743,30570,24536,20861,15910,10059,10861,52897,44945,44796,49459,66778,101894,94679,82677,81856,78881,67932,66478,55346,49959,36951,23979,29919
2023,THA,Thailand,TH,Phrae,TH54,157253,146074,303327,6203,6844,7505,6965,3894,4873,5935,7570,11614,14704,16498,17002,14467,12599,8918,6046,5616,6461,7070,7848,7962,4999,5731,5943,7124,10700,13758,14922,15761,12392,10678,6756,4346,3623,12664,13914,15353,14927,8893,10604,11878,14694,22314,28462,31420,32763,26859,23277,15674,10392,9239
2023,THA,Thailand,TH,Phuket,TH83,562916,567807,1130723,34581,30835,29372,33666,43561,57156,55626,44687,46482,39385,36482,30366,27848,20344,13631,7400,11494,33163,29696,27467,34837,44584,56165,55625,47951,47904,43021,34538,31613,31536,23338,12050,7665,6654,67744,60531,56839,68503,88145,113321,111251,92638,94386,82406,71020,61979,59384,43682,25681,15065,18148
2023,THA,Thailand,TH,Prachin Buri,TH25,360475,338562,699037,18459,19215,18962,18574,19752,23986,24102,22775,25212,26724,26840,27426,24393,21591,16338,11200,14926,19635,20080,19649,19962,25471,25709,23867,22419,24326,25018,23442,23006,20057,17097,12079,8138,8607,38094,39295,38611,38536,45223,49695,47969,45194,49538,51742,50282,50432,44450,38688,28417,19338,23533
2023,THA,Thailand,TH,Prachuap Khiri Khan,TH77,221259,222016,443275,14654,12706,12329,11536,11894,14219,15635,15214,17270,17257,17771,16322,13620,10384,8187,5459,6802,15725,13537,13076,12994,18177,15891,15829,14710,16434,17020,16262,15087,12699,9219,6927,4085,4344,30379,26243,25405,24530,30071,30110,31464,29924,33704,34277,34033,31409,26319,19603,15114,9544,11146
2023,THA,Thailand,TH,Ranong,TH85,179678,186428,366106,12796,12403,12080,11791,12296,14511,14646,13435,13620,12163,11682,10476,8968,6528,4723,3215,4345,12955,13540,13144,11465,12746,16125,15653,14720,15424,13427,12666,10189,8231,5852,4492,2858,2941,25751,25943,25224,23256,25042,30636,30299,28155,29044,25590,24348,20665,17199,12380,9215,6073,7286
2023,THA,Thailand,TH,Ratchaburi,TH70,357556,324899,682455,18895,19129,18945,17843,15938,18967,20331,21333,24953,28028,29023,29978,26745,22421,17545,11888,15594,18548,19279,19445,19479,19577,20744,20829,20214,23175,25148,24561,24790,21464,17010,13096,8527,9013,37443,38408,38390,37322,35515,39711,41160,41547,48128,53176,53584,54768,48209,39431,30641,20415,24607
2023,THA,Thailand,TH,Rayong,TH21,644043,663520,1307563,40347,35560,34475,35019,39616,54763,54843,52601,53716,49620,44629,40109,34552,27796,19084,12379,14934,43228,37991,36286,39455,46330,62218,63607,59090,58448,50849,42818,37545,28676,23948,15733,8813,8485,83575,73551,70761,74474,85946,116981,118450,111691,112164,100469,87447,77654,63228,51744,34817,21192,23419
2023,THA,Thailand,TH,Roi Et,TH45,395855,371058,766913,24976,23817,26277,20167,10135,12727,17130,23183,28685,29691,32636,35340,37106,30913,18858,12193,12021,25403,25402,27889,21550,13222,13897,16381,21594,27684,28872,30486,32325,31857,25162,13947,8418,6969,50379,49219,54166,41717,23357,26624,33511,44777,56369,58563,63122,67665,68963,56075,32805,20611,18990
2023,THA,Thailand,TH,Sa Kaeo,TH27,280816,273524,554340,19905,19762,19287,14171,10128,12548,14532,17031,20860,22815,22519,22718,19982,16737,12074,7356,8391,20597,21353,20632,15826,13306,13855,14439,15947,20263,21839,21651,20829,17540,14461,9997,5743,5246,40502,41115,39919,29997,23434,26403,28971,32978,41123,44654,44170,43547,37522,31198,22071,13099,13637
2023,THA,Thailand,TH,Sakon Nakhon,TH47,360757,342890,703647,22299,24683,23904,20595,14153,16411,19461,23532,27625,28027,29566,29554,28207,22473,13480,8229,8558,23380,25600,25086,20892,15537,17581,19319,22810,27241,27494,26883,26458,23542,18733,10432,6049,5853,45679,50283,48990,41487,29690,33992,38780,46342,54866,55521,56449,56012,51749,41206,23912,14278,14411
2023,THA,Thailand,TH,Samut Prakan,TH11,1730233,1656093,3386326,66308,67743,72888,81093,117056,163932,161070,149647,154071,141720,132024,120163,98891,77540,52116,31929,42042,69737,70030,75329,91455,118318,166281,166111,145438,158666,139474,124063,103738,80592,60950,40936,22839,22136,136045,137773,148217,172548,235374,330213,327181,295085,312737,281194,256087,223901,179483,138490,93052,54768,64178
2023,THA,Thailand,TH,Samut Sakhon,TH74,926912,926935,1853847,35086,31621,31342,55709,114903,145416,105780,77972,70805,59289,49447,42895,35295,26280,19024,11423,14625,35716,31685,31922,52214,108937,165744,124329,85094,75080,57707,45643,34515,28636,19650,14499,7923,7641,70802,63306,63264,107923,223840,311160,230109,163066,145885,116996,95090,77410,63931,45930,33523,19346,22266
2023,THA,Thailand,TH,Samut Songkhram,TH75,73529,67229,140758,2989,3159,3254,3029,3010,3601,3879,4011,4778,5315,5934,6667,6398,5518,4333,3154,4500,3392,3604,3615,3558,3439,4244,4233,3987,4680,5065,5145,5464,4745,4333,3307,2129,2289,6381,6763,6869,6587,6449,7845,8112,7998,9458,10380,11079,12131,11143,9851,7640,5283,6789
2023,THA,Thailand,TH,Saraburi,TH19,414761,395881,810642,21697,22018,21892,21539,19663,24447,25982,27693,32843,34364,33929,32359,27917,24267,17915,11567,14669,38126,23485,22283,22610,25402,25270,25905,26739,30699,31740,29076,25949,21921,17646,12898,8200,7932,59823,45503,44175,44149,45065,49717,51887,54432,63542,66104,63005,58308,49838,41913,30813,19767,22601
2023,THA,Thailand,TH,Satun,TH91,129633,133193,262826,10642,10407,9033,7421,6643,8286,8422,8815,9152,9130,8539,8375,7311,6062,4759,3022,3614,11020,10754,10002,8872,8427,9410,8868,8787,9478,9146,8363,8079,6701,5586,4300,2560,2840,21662,21161,19035,16293,15070,17696,17290,17602,18630,18276,16902,16454,14012,11648,9059,5582,6454
2023,THA,Thailand,TH,Si Sa Ket,TH33,324443,304135,628578,21378,22309,23460,17962,9292,11815,14743,19060,22920,23941,25307,26228,26671,23174,15296,9887,11000,22759,23622,24342,18206,10954,12469,14207,17730,22187,23583,23474,23898,22553,19060,11507,6993,6591,44137,45931,47802,36168,20246,24284,28950,36790,45107,47524,48781,50126,49224,42234,26803,16880,17591
2023,THA,Thailand,TH,Sing Buri,TH17,73914,65996,139910,3260,3330,3292,2969,2673,3210,3409,3541,4712,6029,6545,7170,6749,5593,4616,3082,3734,3419,3497,3752,3575,2926,3494,3570,3496,4228,5352,5365,5885,5192,4469,3545,2151,2080,6679,6827,7044,6544,5599,6704,6979,7037,8940,11381,11910,13055,11941,10062,8161,5233,5814
2023,THA,Thailand,TH,Songkhla,TH90,805850,761000,1566850,48328,48862,45862,50786,57555,52439,52790,52800,55995,58534,56758,54600,50204,40411,30888,21193,27845,51377,51659,48747,50982,58183,56059,52936,50220,52980,54703,51192,48697,41817,33343,24860,15663,17582,99705,100521,94609,101768,115738,108498,105726,103020,108975,113237,107950,103297,92021,73754,55748,36856,45427
2023,THA,Thailand,TH,Sukhothai,TH64,299727,272159,571886,14747,15282,15945,12362,8402,10335,13247,16272,21398,26226,27719,29322,26493,21273,16654,11329,12721,15837,16585,17146,14307,9813,11015,12799,15352,19720,23871,24369,25039,21455,17091,12994,7907,6859,30584,31867,33091,26669,18215,21350,26046,31624,41118,50097,52088,54361,47948,38364,29648,19236,19580
2023,THA,Thailand,TH,Suphan Buri,TH72,368657,333646,702303,17678,18258,18725,16716,14368,16589,17986,19234,24974,30055,31404,33188,30960,26686,21479,13456,16901,18762,19669,19662,18165,16374,17994,18301,18363,23007,27110,26863,27956,24339,21195,16290,9691,9905,36440,37927,38387,34881,30742,34583,36287,37597,47981,57165,58267,61144,55299,47881,37769,23147,26806
2023,THA,Thailand,TH,Surat Thani,TH84,529213,511235,1040448,30386,29776,28522,29683,32289,36964,37509,38162,41173,40002,36634,33947,31633,26317,20516,15261,20439,31643,30786,30637,31322,34028,39770,38655,37918,42942,40563,35774,30628,25758,21370,16111,10885,12445,62029,60562,59159,61005,66317,76734,76164,76080,84115,80565,72408,64575,57391,47687,36627,26146,32884
2023,THA,Thailand,TH,Surin,TH32,401411,371893,773304,27045,28564,29319,21768,11768,13597,17158,21049,25793,29082,30732,32871,34304,28672,20226,13558,15905,27589,29950,30779,22767,13467,14432,16314,19957,24407,26897,28412,29058,28478,23106,15526,10448,10306,54634,58514,60098,44535,25235,28029,33472,41006,50200,55979,59144,61929,62782,51778,35752,24006,26211
2023,THA,Thailand,TH,Tak,TH63,248404,245152,493556,19939,21011,17774,15420,13747,15160,14520,14643,16790,17484,17617,16942,15506,12292,8058,5461,6040,21498,21743,18773,16042,14064,15002,14455,14356,16737,17694,17324,16433,14246,10873,6997,4733,4182,41437,42754,36547,31462,27811,30162,28975,28999,33527,35178,34941,33375,29752,23165,15055,10194,10222
2023,THA,Thailand,TH,Trang,TH92,262165,249072,511237,16206,15688,15863,14857,13240,15149,16380,17037,19278,20217,19388,19355,16443,13868,10728,7887,10581,17135,17066,16626,16057,14142,16113,16044,16255,18591,19844,18078,17152,13796,11060,8809,5931,6373,33341,32754,32489,30914,27382,31262,32424,33292,37869,40061,37466,36507,30239,24928,19537,13818,16954
2023,THA,Thailand,TH,Trat,TH23,130076,136604,266680,7747,7457,7264,7159,7694,9254,8753,8673,9882,9864,9939,9270,8289,6921,4859,3099,3952,8986,8004,7773,7725,8615,10687,10509,10129,10695,10487,9941,8871,7631,6464,4626,2673,2788,16733,15461,15037,14884,16309,19941,19262,18802,20577,20351,19880,18141,15920,13385,9485,5772,6740
2023,THA,Thailand,TH,Ubon Ratchathani,TH34,782529,754152,1536681,49889,52810,54062,46805,34872,34700,41915,49405,58423,56148,58928,59909,56996,47462,32445,21965,25795,52365,56255,57006,48020,38509,36008,40562,47384,57888,55071,56138,56636,50428,40479,25848,17169,18386,102254,109065,111068,94825,73381,70708,82477,96789,116311,111219,115066,116545,107424,87941,58293,39134,44181
2023,THA,Thailand,TH,Udon Thani,TH41,474205,451261,925466,28639,31356,31218,27405,19551,22030,26757,30459,36644,36676,38275,38389,36438,29495,18091,10985,11797,29841,32824,32663,28665,21905,22469,25359,29054,35292,35675,35254,35302,31921,24749,14533,8362,7393,58480,64180,63881,56070,41456,44499,52116,59513,71936,72351,73529,73691,68359,54244,32624,19347,19190
2023,THA,Thailand,TH,Uthai Thani,TH61,127023,117345,244368,7356,7471,7219,5514,3754,4676,5591,6634,8615,10002,10619,11902,10472,9828,7082,4469,5819,7524,8030,7778,6156,4253,4882,5234,6294,8077,9188,9469,10340,9303,8114,5818,3490,3395,14880,15501,14997,11670,8007,9558,10825,12928,16692,19190,20088,22242,19775,17942,12900,7959,9214
2023,THA,Thailand,TH,Uttaradit,TH53,178299,165537,343836,8352,9068,9358,8038,6130,5891,7293,9477,12169,14987,16443,17606,15188,13198,9919,7169,8013,8552,9718,9802,8705,7044,6430,7236,8804,11256,13612,14870,16109,13417,11280,8289,5426,4987,16904,18786,19160,16743,13174,12321,14529,18281,23425,28599,31313,33715,28605,24478,18208,12595,13000
2023,THA,Thailand,TH,Yala,TH95,197758,195861,393619,17415,17269,15724,13969,13421,12654,11712,11454,13061,13162,11161,12121,10737,8558,7001,3935,4404,17619,18057,16559,15091,13686,13013,11809,10998,12950,13265,10992,11663,9662,7726,5754,3439,3578,35034,35326,32283,29060,27107,25667,23521,22452,26011,26427,22153,23784,20399,16284,12755,7374,7982
2023,THA,Thailand,TH,Yasothon,TH35,178371,171043,349414,10116,11089,11601,8839,4694,5996,8043,10823,13432,13318,15160,15283,15812,13396,8826,5753,6190,10609,11983,12650,9622,6500,6684,7772,10410,13263,13313,14162,14397,13786,11364,6783,4120,3625,20725,23072,24251,18461,11194,12680,15815,21233,26695,26631,29322,29680,29598,24760,15609,9873,9815
